Borough,ClosureType,EditDate,GISPropNum,Name,OMPPropID,ParkDistrict,PropertyName,Red Sign Installed,Status,SubPropertyName,System,Yellow Sign Removed,polygon,Approx Date Closed,Approx Date Reopened
B,Completely Locked,06/23/2020 03:14:22 PM,B118A,St. Mary's Playground Skatepark,B118A,B-06,St. Mary's Park,,Reopened,,B118A-SKATEPARK-01,,"POLYGON ((-73.99728246399214 40.676445060567964, -73.99726453717712 40.67648157691596, -73.99713599445931 40.67644499758128, -73.99715391896922 40.676408483054146, -73.99722895021256 40.67625564141874, -73.99735749853032 40.67629222155104, -73.99728246399214 40.676445060567964))",04/09/2020 07:11:11 PM,06/22/2020 12:00:00 AM
Q,Completely Locked,06/21/2020 05:25:54 PM,Q163,Rockaway Beach State Park,Q163,Q-14,Rockaway Beach Boardwalk,true,UnderConstruction,,Q163-SKATEPARK-02,,"POLYGON ((-73.81413782978484 40.58410860142206, -73.81269154823842 40.584461590260894, -73.81253869319939 40.58409616159403, -73.81399522204757 40.583733147705516, -73.81413782978484 40.58410860142206))",04/09/2020 07:11:11 PM,
X,Temporary Fencing,06/22/2020 10:45:06 AM,X104,Williamsbridge Oval Skate Park,X104-01,X-07,Williamsbridge Oval,true,Reopened,Plgd w/ Mini Pool & Courts,X104-01-SKATEPARK-01,,"POLYGON ((-73.87693604675017 40.87738926967119, -73.8765485483472 40.87770105325675, -73.87622768127142 40.87747281944187, -73.87662569024278 40.877153183293146, -73.87693604675017 40.87738926967119))",04/09/2020 07:11:11 PM,06/21/2020 12:00:00 AM
M,Completely Locked,06/22/2020 01:10:39 PM,M047,Thomas Jefferson Skate Park,M047-01,M-11,Thomas Jefferson Park,true,Reopened,Thomas Jefferson Park Playground,M047-01-SKATEPARK-01,,"POLYGON ((-73.93366574845591 40.79346626289652, -73.93335175365837 40.79333456368174, -73.93337717819394 40.793303128404865, -73.93372349476282 40.79308889640796, -73.93388707222232 40.793156893485005, -73.93366574845591 40.79346626289652))",04/09/2020 07:11:11 PM,06/21/2020 12:00:00 AM
B,Completely Locked,06/22/2020 11:24:26 AM,B141,City Line Skatepark,B141,B-05,City Line Park,,Reopened,,B141-SKATEPARK-01,,"POLYGON ((-73.874757471514 40.679215673678776, -73.8747179822364 40.67922063395172, -73.87466646746866 40.6792183805919, -73.87461614290513 40.679209700627375, -73.87456838258369 40.67919483149268, -73.87452448925323 40.679174178042445, -73.87435724026335 40.67904365493965, -73.87435338280854 40.679026806587295, -73.87457148895703 40.67899787145703, -73.87457448443371 40.6790101775634, -73.87459332474813 40.67908757308139, -73.874757471514 40.679215673678776))",04/09/2020 07:11:11 PM,06/20/2020 12:00:00 AM
B,Completely Locked,06/23/2020 03:15:39 PM,B012,Brower Park Skatepark,B012,B-08,Brower Park,,Reopened,,B012-SKATEPARK-01,,"POLYGON ((-73.94334521645897 40.67444785599525, -73.9433387682074 40.674609141382795, -73.9433219865445 40.67464739060121, -73.94329386067292 40.67468316591444, -73.94303816396182 40.674666587194274, -73.9429984530135 40.674660497154484, -73.94299297350382 40.674647748548615, -73.9429882404698 40.674634827413485, -73.94298426335148 40.67462175896827, -73.94298105040629 40.674608568431545, -73.94297860752539 40.6745952819213, -73.94297693941766 40.674581924654234, -73.94297604960717 40.674568524548135, -73.94297593925475 40.67455510681807, -73.94297660952022 40.674541697579485, -73.94297805919724 40.67452832384725, -73.94298028353286 40.67451501083344, -73.94298328013794 40.67450178555223, -73.94298704189379 40.674488673214476, -73.94299156286398 40.674475699932096, -73.94299683238162 40.67446289091418, -73.94300284214543 40.67445027137089, -73.94305392475346 40.674405682444245, -73.9430581584224 40.674405026263074, -73.9430643862025 40.6743988599159, -73.94307118140298 40.67439305045316, -73.94307850614916 40.67438762847353, -73.94308632493525 40.67438262097473, -73.94309459515948 40.67437805405062, -73.94310327658734 40.67437395199511, -73.94311232189078 40.674370335496505, -73.94312168492601 40.674367223442715, -73.94313131836907 40.67436463201964, -73.94314117134978 40.674362574709676, -73.94315119418391 40.674361061393974, -73.943161332457 40.674360101050745, -73.94317153530673 40.674359698157375, -73.94318175068958 40.67435985538966, -73.94319192420103 40.67436057001934, -73.9432020038005 40.67436184112006, -73.9432119374545 40.67436365966106, -73.94322020917083 40.6743656628872, -73.94328707163946 40.67440631089915, -73.94334521645897 40.67444785599525))",04/09/2020 07:11:11 PM,06/22/2020 12:00:00 AM
Q,Completely Locked,06/21/2020 05:18:56 PM,Q007,Bayswater Skatepark,Q007,Q-14,Bayswater Park,true,Reopened,,Q007-SKATEPARK-01,,"POLYGON ((-73.76801413389774 40.60024347023837, -73.76757260859317 40.600054013502785, -73.76756396388615 40.60004859466734, -73.76755658087968 40.600042183302584, -73.76755065393151 40.60003494639905, -73.76754633832697 40.60002707518241, -73.76754374794737 40.60001877610352, -73.76754294937875 40.600010266323906, -73.76754396546538 40.60000177102108, -73.76754676826215 40.59999351166774, -73.76762582527684 40.5998864720981, -73.76763305960216 40.5998802676969, -73.76764147919069 40.599875003138635, -73.76765087448302 40.59987080587409, -73.76766101591674 40.599867779899746, -73.76767165276125 40.599866001253304, -73.76768252377501 40.59986551083059, -73.767693360719 40.59986632339839, -73.76770389902373 40.59986841770971, -73.76816436106965 40.600066000668114, -73.76817334419883 40.60007332385165, -73.76818075029445 40.60008161011717, -73.76818640400602 40.60009066189618, -73.76819017374629 40.600100267299965, -73.76819196814985 40.600110199212104, -73.76819174785972 40.60012022341668, -73.76818951605698 40.60013010398245, -73.7681853255371 40.60013960687917, -73.7681201419949 40.60022786374774, -73.76810750985581 40.60023570074674, -73.76809336655944 40.600241858817164, -73.76807809428857 40.60024617303304, -73.76806210223101 40.60024852715149, -73.76804582065607 40.60024885810332, -73.76802968673115 40.600247157765544, -73.76801413389774 40.60024347023837))",04/09/2020 07:11:11 PM,06/21/2020 12:00:00 AM
X,Completely Locked,06/22/2020 09:57:06 AM,X179,Playground 52 Skatepark,X179,X-02,Playground 52 LII,,Reopened,,X179-SKATEPARK-01,,"POLYGON ((-73.90228015716708 40.81494224824047, -73.90233550414646 40.81505530307617, -73.9019757396196 40.8151537751487, -73.9019171076063 40.81503107932193, -73.90221334209714 40.81494999710541, -73.9022179717151 40.81495968588302, -73.90228015716708 40.81494224824047))",04/09/2020 07:11:11 PM,06/21/2020 12:00:00 AM
R,Completely Locked,06/22/2020 05:13:15 PM,R008,Faber Park Skate Park,R008,R-01,Faber Pool and Park,true,Reopened,,R008-SKATEPARK-01,,"POLYGON ((-74.13590342096855 40.640529910209594, -74.1359022790388 40.64053457354895, -74.13589668528404 40.640552687806824, -74.13589177150733 40.64056627434906, -74.13589085907395 40.6405791420507, -74.13589926507477 40.64059056871513, -74.13590952407573 40.640591815516956, -74.13591934367061 40.64059439920824, -74.13592842579548 40.64059824179623, -74.13593649476665 40.640603225638934, -74.13594330675247 40.64060920063805, -74.13594865450395 40.640615985133856, -74.13595237682831 40.64062337399866, -74.13595435859676 40.64063114223887, -74.13595454140378 40.64063905488803, -74.13595292003026 40.640646871513525, -74.13594954246167 40.64065435522198, -74.1359445122656 40.64066127895986, -74.13595477001886 40.64065900652879, -74.1359653528836 40.640657902586746, -74.13597603511319 40.64065798991358, -74.1359865850005 40.640659266982226, -74.13599677669784 40.6406617070443, -74.13600638903112 40.640665256330216, -74.13601879602919 40.640653738418784, -74.1360335839599 40.6406439872104, -74.13605032544953 40.64063628237079, -74.13606853744999 40.64063084779959, -74.13608769303582 40.64062783990952, -74.13610724149589 40.64062734490132, -74.13612661778797 40.640629377852015, -74.13614526263005 40.64063387998946, -74.13615930391114 40.64061742257925, -74.13616594414552 40.64060931814532, -74.13617421054718 40.64060213211635, -74.1361838859841 40.64059605385817, -74.13619471897384 40.640591239458224, -74.13620642842139 40.64058781622236, -74.13621870832759 40.640585872763666, -74.13623123842856 40.64058545899001, -74.13624369247233 40.64058658699453, -74.13624199000047 40.64058187929432, -74.1362413298939 40.64057702267389, -74.13624173133908 40.64057215038746, -74.1362431816005 40.640567393925956, -74.13624564193694 40.640562885711596, -74.136249044031 40.64055874739545, -74.13625329590937 40.640555094352855, -74.13625828192066 40.64055202487742, -74.13626386274271 40.64054962378292, -74.13626988719331 40.640547956986445, -74.13626695952624 40.64049902262065, -74.13627363887865 40.640498507712934, -74.13628438910952 40.64049833107828, -74.13629514657178 40.6404988010071, -74.13630391586318 40.640499382254426, -74.13631257884191 40.64050058228402, -74.13632106101376 40.64050239217907, -74.13632928905375 40.640504796717686, -74.13630716813792 40.640531282006506, -74.13630362433685 40.640542437340855, -74.13630157867992 40.64055144586168, -74.13630291337861 40.64056188040084, -74.1363087778259 40.640584317999, -74.13631048756237 40.64059489437559, -74.13630918118909 40.64059832690363, -74.1363071267714 40.64060304716079, -74.136304131673 40.64060676805571, -74.13630113569678 40.6406100594037, -74.13629701253656 40.640613066623004, -74.13630736233482 40.64062634872559, -74.13631247435046 40.640648501750604, -74.13631604384157 40.64065049847374, -74.13633688145292 40.640653761567414, -74.13634457527621 40.640653323798105, -74.1363584560913 40.640651501797535, -74.1363511353752 40.64066907150986, -74.13634474780736 40.64068684813533, -74.13633186961462 40.64068064441582, -74.13631778630607 40.64067651511953, -74.13630768217426 40.64067585981188, -74.13630314757621 40.640676532471836, -74.13629820481675 40.64068399643332, -74.13629184804435 40.640690812795896, -74.13628422352903 40.64069682559605, -74.13627550241215 40.640701901353935, -74.1362658806959 40.640705923669934, -74.13625557689707 40.64070880223301, -74.13620080102814 40.64072030372162, -74.13619706224534 40.640727455573426, -74.1362023916591 40.64073160966151, -74.1362067222381 40.640736389893, -74.13620992957549 40.64074165953642, -74.13621191878727 40.640747266516385, -74.13621263516454 40.64075304970486, -74.13621205708606 40.64075884163076, -74.13621020075989 40.64076447477826, -74.13620712023632 40.64076978789026, -74.1362029050472 40.640774627772345, -74.13619767548829 40.64077885470135, -74.13619158144633 40.640782346929505, -74.13618480122263 40.640785003387336, -74.13617752853625 40.64078674730109, -74.1361699725315 40.64078752979503, -74.13615685089557 40.640794693656275, -74.13615626413133 40.64079970754325, -74.13615460012 40.64080457862261, -74.13615190351362 40.64080917446501, -74.13614825089556 40.640813368907004, -74.13614373896986 40.64081704746799, -74.13613849402265 40.64082010914023, -74.13613265774288 40.640822470007556, -74.13612638959093 40.640824065043674, -74.13611986325901 40.6408248517185, -74.13611325484598 40.64082480821116, -74.1361067475897 40.64082393520518, -74.13610051768272 40.64082225680616, -74.13609473545084 40.64081981873899, -74.1360895606243 40.64081668835372, -74.13608513523762 40.640812951031684, -74.13608157771486 40.640808708391496, -74.13607898759655 40.64080407738304, -74.1360470585352 40.640791964451935, -74.1360395707274 40.64080126487089, -74.13602720962835 40.640795876376366, -74.13601601146823 40.64078917264695, -74.13600621533669 40.64078129658288, -74.13599803318637 40.64077241723149, -74.13599163681621 40.64076272349906, -74.13598016933378 40.64076482086207, -74.13596840086237 40.640765405707015, -74.13595667183317 40.640764461421966, -74.13594532394953 40.64076201551909, -74.13593468481503 40.64075813785167, -74.1359250643903 40.64075294241965, -74.13591673960855 40.64074657928262, -74.13590995200556 40.64073923186147, -74.13584707603587 40.64073573199441, -74.13586312712864 40.64078431857328, -74.13586362470394 40.640787744462244, -74.13586343192944 40.64079118827668, -74.13586255218657 40.640794568965894, -74.13586100659472 40.640797808159626, -74.13585883164868 40.64080083107175, -74.13585607685268 40.64080356560205, -74.13585280709573 40.640805947737036, -74.13584909910853 40.64080792335477, -74.13580970379701 40.6408151182119, -74.13580510546673 40.64081526862613, -74.13580053201518 40.64081486429079, -74.13579610050058 40.64081391677438, -74.13579191973014 40.64081244936188, -74.13578809499168 40.64081049885042, -74.13578472095749 40.640808113756194, -74.13578188286455 40.64080535341293, -74.13577965060159 40.64080228707814, -74.13576264056722 40.6407436950469, -74.13575615097534 40.64074045813642, -74.1357503480133 40.6407365369208, -74.13574535361454 40.6407320150043, -74.13574127555377 40.640726989516104, -74.13573819915926 40.64072156481572, -74.13571842490427 40.6407238178418, -74.135715157312 40.64069297169994, -74.13573626081494 40.64069154648396, -74.13574842175376 40.64067294720658, -74.1357409035597 40.64066906763804, -74.13573432692297 40.64066429724438, -74.13572887298017 40.64065876638717, -74.13572468980938 40.6406526261792, -74.13572189124223 40.640646045783875, -74.13572055566387 40.64063920341169, -74.13572071773754 40.64063228632975, -74.13572237430452 40.640625485452084, -74.13572547845165 40.64061898453983, -74.1357299466094 40.64061296289495, -74.13573565734643 40.64060758365469, -74.13574245255333 40.640602994690674, -74.13575014806922 40.6405993222929, -74.13575014592 40.64059652258017, -74.13575077631357 40.64059376444512, -74.13575202050372 40.640591130757684, -74.13575384200107 40.64058869900562, -74.13575618657616 40.64058654309556, -74.13575898342957 40.6405847270478, -74.13576214873757 40.640583304992596, -74.1357655891956 40.64058231936442, -74.13576920083392 40.6405818000032, -74.13577287492491 40.640581762346045, -74.13577650389372 40.640582207420486, -74.13577997658975 40.64058312185008, -74.1357831924725 40.640584477837386, -74.13578605215979 40.64058623587689, -74.13578847161007 40.64058834293725, -74.13579037858311 40.64059073606742, -74.13579171618855 40.640593343293034, -74.13579244525741 40.640596087215684, -74.13579254197954 40.64059888591625, -74.13579200382014 40.640601655649355, -74.13579686285807 40.640602984481355, -74.13580141795772 40.6406048341724, -74.13580557564761 40.64060716521002, -74.13580924834885 40.640609929069676, -74.13581235792144 40.640613068210385, -74.13584119219392 40.64061136639019, -74.13586742790918 40.64059275047276, -74.135864570975 40.64057202478872, -74.13586547904764 40.64055701295538, -74.13587108230271 40.64054414061212, -74.13587762391751 40.64053055214729, -74.13587817488188 40.64051491487467, -74.13589570793972 40.640516268348925, -74.13590286421264 40.64051658137711, -74.13590342096855 40.640529910209594))",04/02/2020 12:00:00 AM,06/22/2020 12:00:00 AM
B,Completely Locked,06/23/2020 03:33:25 PM,B096,Sgt. William Dougherty Playground Skatepark,B096,B-01,Sgt. William Dougherty Playground,,Reopened,,B096-SKATEPARK-01,,"POLYGON ((-73.93676449101093 40.72356264063731, -73.93682749563528 40.723630375528565, -73.93686457349636 40.72371611716705, -73.93688073646248 40.72375070109101, -73.93688081166424 40.72375878140398, -73.93687917304794 40.723766765323404, -73.93687586223817 40.72377444395382, -73.93687096701568 40.72378161472855, -73.93686461538958 40.72378809131218, -73.9368569732304 40.72379370359912, -73.93684824189661 40.72379830401599, -73.93683864876068 40.723801772919586, -73.93682844602436 40.72380401949648, -73.93681798920339 40.723808342507944, -73.93682368301076 40.72382154980289, -73.93672341497553 40.72385719634164, -73.93671750465555 40.72384764769283, -73.93664519495925 40.723857518034244, -73.93663127540687 40.72379894663999, -73.93665066195943 40.72379177124234, -73.9365801850763 40.72364192098161, -73.93656540532469 40.723610494963296, -73.93659616796494 40.72360310071426, -73.93676449101093 40.72356264063731))",04/09/2020 07:11:11 PM,06/23/2020 12:00:00 AM
Q,Completely Locked,06/21/2020 05:18:56 PM,Q108,Laurelton Playground Skatepark,Q108,Q-13,Laurelton Playground,true,Reopened,,Q108-SKATEPARK-01,,"POLYGON ((-73.73668390680447 40.67012502788942, -73.73650992509945 40.67038353970218, -73.73650521239664 40.670390637609124, -73.73649906181353 40.67039706583817, -73.73649163249164 40.67040265725694, -73.73648312015062 40.67040726642938, -73.736473745247 40.67041077319061, -73.73646375059485 40.67041308624362, -73.73645339780678 40.67041414585281, -73.73644295664974 40.67041392381938, -73.73643269793818 40.670412426166955, -73.73631883151052 40.67037380491631, -73.73645002972297 40.67013692582413, -73.736663941575 40.67010231341406, -73.73668390680447 40.67012502788942))",04/09/2020 07:11:11 PM,06/21/2020 12:00:00 AM
B,Completely Locked,06/22/2020 01:56:57 PM,B268,Nautilus Playground Skate Park,B268,B-13,Nautilus Playground,,Reopened,,B268-SKATEPARK-01,,"POLYGON ((-73.99611855267074 40.57162781096787, -73.99613730316965 40.57157539295955, -73.99646960918275 40.57158324992426, -73.99648350029906 40.57170120827503, -73.99611354930354 40.571704055520314, -73.99611855267074 40.57162781096787))",04/09/2020 07:11:11 PM,06/22/2020 12:00:00 AM
B,Completely Locked,06/23/2020 03:33:40 PM,B025,Cooper Skate Park,B025,B-01,Cooper Park,,Reopened,,B025-SKATEPARK-01,,"POLYGON ((-73.93645783466312 40.715417799944035, -73.93644411543515 40.71538450139787, -73.93660222417793 40.71534678784564, -73.93672401929983 40.71564240329858, -73.93641707872342 40.715715618585314, -73.93630900280657 40.71545330137357, -73.93636494972012 40.71543995612885, -73.93636557744236 40.715435742987154, -73.93636710448834 40.7154316654191, -73.93636949169772 40.715427833265345, -73.93637267269445 40.715424351848874, -73.93637656099423 40.71542131477482, -73.93638105237079 40.71541880483255, -73.93638602367682 40.715416889492296, -73.93639134112814 40.71541562090956, -73.93639686030556 40.71541503412452, -73.93640243089135 40.71541514436276, -73.93640790258507 40.715415948839684, -73.9364131262878 40.715417425860714, -73.93641796001938 40.71541953482456, -73.93642227365017 40.715422218927124, -73.93642595008336 40.71542540606307, -73.93645783466312 40.715417799944035))",04/09/2020 07:11:11 PM,06/23/2020 12:00:00 AM
B,Completely Locked,06/22/2020 04:44:33 PM,B243,Golconda Playground Skatepark,B243,B-02,Golconda Playground,,Reopened,,B243-SKATEPARK-01,,"POLYGON ((-73.98217389180603 40.69783790761945, -73.98215628660208 40.69782723021787, -73.98214126483954 40.69781446942891, -73.9821292464506 40.69779998282216, -73.98212056498194 40.69778417478043, -73.98211546523088 40.6977674865935, -73.98211408786767 40.697750385649705, -73.98211647298942 40.69773334922691, -73.98212255420792 40.6977168527851, -73.98213215983647 40.697701357359435, -73.98214502235906 40.69768729695437, -73.98216078198436 40.69767506323608, -73.98217899966248 40.69766499833, -73.98216232545266 40.69764625968647, -73.98216304749756 40.69760972871278, -73.98247237830945 40.69762577834166, -73.98247178043871 40.69763167660666, -73.98246995328799 40.697637427000416, -73.98246694303997 40.69764288094535, -73.98246282782033 40.69764789977434, -73.98245771296567 40.69765235382959, -73.98245172865506 40.69765612966618, -73.9824450299101 40.697659130052415, -73.98273425242878 40.697919335425865, -73.9827285475912 40.697999785441695, -73.98277930059707 40.69801181218482, -73.98281886030854 40.69804380789708, -73.98281921282346 40.698044092511616, -73.98291151780386 40.69804788390277, -73.98289855054011 40.69823077872989, -73.98267266628977 40.69822150118606, -73.98268221644975 40.698086820200416, -73.98256072380546 40.69808183012715, -73.98256804393588 40.69797859830353, -73.98254277494011 40.697964279929465, -73.98233495742903 40.69795574378187, -73.9823350061699 40.69795487389446, -73.98233662071434 40.697925488623525, -73.98233769310878 40.69790598819329, -73.98230675312784 40.697865233456305, -73.98227044033537 40.69787355940851, -73.98223283554093 40.69787729974091, -73.98219493028243 40.69787635644983, -73.98215772671394 40.69787075400416, -73.98212220684206 40.697860639340576, -73.9821128086084 40.69780421898032, -73.98212181948635 40.69781380633445, -73.98213273679578 40.69782216658544, -73.98214527781545 40.697829082665514, -73.98215911603536 40.69783437622203, -73.98217389180603 40.69783790761945))",04/09/2020 07:11:00 PM,06/22/2020 12:00:00 AM
B,Completely Locked,06/23/2020 03:34:02 PM,B127,Martinez Playground Skatepark,B127,B-01,Martinez Playground,,Reopened,,B127-SKATEPARK-01,,"POLYGON ((-73.9450430141989 40.7092484161744, -73.94474162408989 40.709276346228016, -73.94471884934549 40.7091386138133, -73.9450241647332 40.70910992656288, -73.9450430141989 40.7092484161744))",04/09/2020 07:11:11 PM,06/23/2020 12:00:00 AM
Q,Completely Locked,06/21/2020 05:18:56 PM,Q373,East Elmhurst Playground,Q373,Q-03,East Elmhurst Playground,,Reopened,,Q373-SKATEPARK-01,,"POLYGON ((-73.87078469784655 40.76495775062189, -73.87050437396124 40.764991044528365, -73.8704765159078 40.76485545209163, -73.87070158038735 40.764828721264855, -73.87076587825936 40.76486614995657, -73.87078469784655 40.76495775062189))",04/09/2020 07:11:11 PM,06/21/2020 12:00:00 AM
M,Blocked with Barricade,06/29/2020 11:01:17 AM,M037,Highbridge Park,M037-ZN07,M-12A,Highbridge Park,true,Reopened,Highbridge Park Zone 7,M037-ZN07-SKATEPARK-01,true,"POLYGON ((-73.93009301994158 40.846583585517656, -73.92996730511928 40.84643343858405, -73.92992321917826 40.84626295307578, -73.92991443319785 40.846250809098414, -73.92990833999339 40.846237749154646, -73.9299050992903 40.84622411372818, -73.9299047960899 40.84621025946596, -73.92990743830876 40.84619654927131, -73.92991295678912 40.84618334239854, -73.92992120649647 40.84617098364777, -73.92993197126954 40.84615979706448, -73.9299449721337 40.84615007423812, -73.92995986611962 40.84614206979908, -73.92997626405844 40.84613599422568, -73.92999373770493 40.84613200574409, -73.9300125751313 40.8461301828714, -73.93003154993208 40.8461307851055, -73.93005012139452 40.846133795909424, -73.93006776547895 40.84613913031956, -73.93008398074684 40.84614663584899, -73.93009830732399 40.846156101504455, -73.93011034113044 40.846167257794555, -73.93011973979692 40.84617978843963, -73.93014308274246 40.846172887695936, -73.93032368499071 40.8466631629211, -73.93009301994158 40.846583585517656))",04/09/2020 07:11:11 PM,06/21/2020 12:00:00 AM
B,Completely Locked,06/23/2020 03:14:13 PM,B111A,Washington Park Skatepark,B111A,B-06,Washington Park,,Reopened,,B111A-SKATEPARK-01,,"POLYGON ((-73.98540356502595 40.67248343003907, -73.98554648693306 40.67231519312469, -73.98614518410238 40.67261003871641, -73.98600226307371 40.67277827636857, -73.98540356502595 40.67248343003907))",04/09/2020 07:11:11 PM,06/22/2020 12:00:00 AM
Q,Completely Locked,06/21/2020 05:18:56 PM,Q162J,Far Rockaway Skatepark,Q162J,Q-14,Beach 17 Playground,true,Reopened,,Q162J-SKATEPARK-01,,"POLYGON ((-73.74658656043039 40.595042862703586, -73.746597949622 40.595025513961545, -73.74661303111607 40.595009887061806, -73.74663136845841 40.59499643310498, -73.74665242973265 40.5949855435463, -73.74667560771806 40.59497753042889, -73.74670023169925 40.594972627310575, -73.74672558996322 40.59497097580538, -73.74675094871023 40.5949726229241, -73.74677557331464 40.59497752202164, -73.74679875432065 40.59498553105317, -73.74681981923821 40.5949964171025, -73.74683815967303 40.59500986724841, -73.7468532454887 40.59502549219735, -73.74686464011663 40.59504283892475, -73.74687201467064 40.59506140691494, -73.74687515499497 40.59508065898326, -73.74687396986866 40.59510003840377, -73.74686849449274 40.59511898422594, -73.74685888806282 40.595136948379135, -73.7468454266165 40.595153412767296, -73.74682849944918 40.59516790006718, -73.74680859840993 40.59517999261609, -73.74678629543214 40.59518933866644, -73.74676223892466 40.59519566948775, -73.74670148831588 40.595201928433106, -73.74664154534663 40.595211718290194, -73.74664833483521 40.595229728479275, -73.74652067971937 40.595262804269886, -73.7465147889848 40.59524518328212, -73.74644913179503 40.5952701883365, -73.74638676062312 40.59529967802317, -73.74636411602953 40.59531278293569, -73.74633888073743 40.5953227654031, -73.74631178711431 40.595329336170344, -73.74628362386468 40.595332303364394, -73.74625520882395 40.59533158143919, -73.74622736651227 40.595327191126344, -73.74620090804703 40.59531926029154, -73.7461766004478 40.59530801846298, -73.74615515129159 40.59529379319565, -73.74613718277098 40.595276997406245, -73.74612321755507 40.595258119435904, -73.74611366230889 40.59523770770469, -73.74610879357597 40.59521635537102, -73.74610875311801 40.5951946832115, -73.74611354208452 40.59517331979617, -73.74612302106449 40.59515288798074, -73.74613691490863 40.595133979702645, -73.7461548198589 40.59511714519065, -73.74617621661905 40.595102873182206, -73.74620048103499 40.595091578340174, -73.7462269101291 40.59508358960351, -73.74625473513888 40.59507913850951, -73.74628314870503 40.59507835475157, -73.74631132261177 40.595081260815064, -73.74635157679784 40.59509047560945, -73.7463932295478 40.59509476129273, -73.74643524756554 40.59509401112233, -73.74647659117583 40.59508824261569, -73.74651623557618 40.59507760119936, -73.74655319687551 40.59506234765889, -73.74658656043039 40.595042862703586))",04/09/2020 07:11:11 PM,06/21/2020 12:00:00 AM
R,Completely Locked,06/22/2020 05:30:46 PM,R046,Ben Soto Skatepark,R046-07,R-02B,Franklin D. Roosevelt Boardwalk and Beach,true,Reopened,Midland Beach Playground,R046-07-SKATEPARK-01,true,"POLYGON ((-74.08426458777006 40.574759503854516, -74.08362897332758 40.57444467296333, -74.0838851579053 40.57429420659449, -74.08425246352333 40.57447104132158, -74.0844572293173 40.574648809458864, -74.08426458777006 40.574759503854516))",04/09/2020 12:00:00 AM,06/22/2020 12:00:00 AM
M,Completely Locked,06/19/2020 10:14:25 AM,M019,Coleman Skatepark,M019,M-03,Coleman Playground,true,Reopened,,M019-SKATEPARK-01,,"POLYGON ((-73.99327365430604 40.7115944908488, -73.99325481760475 40.711596107063876, -73.99324537854343 40.711596918771086, -73.99324018090589 40.711597365119346, -73.99323816906981 40.71159753789925, -73.99322443888008 40.711598717661516, -73.99321696076667 40.711599360185794, -73.99318126960777 40.71160242611726, -73.99314536661095 40.71160551093581, -73.99313788967943 40.71160615345504, -73.99311991096043 40.71160769855886, -73.99311792160897 40.711607869537, -73.99305523395572 40.71161325622945, -73.99299436878034 40.71161848630989, -73.99298194509284 40.71161955355887, -73.99296667879693 40.71162086557178, -73.99295921961355 40.711621506279464, -73.99291430001281 40.71162536581389, -73.99288641239018 40.711627762153995, -73.9928789768738 40.71162840195742, -73.99287090230308 40.71162909485091, -73.99286888928178 40.71162926672377, -73.99285844429211 40.71163016478598, -73.99284538627951 40.71163128691203, -73.99283446081498 40.71163222546519, -73.99283431170234 40.711632238063046, -73.99263594584326 40.71164700202504, -73.9925967233123 40.71164992166656, -73.99253236969409 40.71129279115741, -73.99252711348771 40.71124581297049, -73.99300001227566 40.711102488585524, -73.99300436996678 40.71111032329427, -73.99300979253086 40.71112007255346, -73.99307030457243 40.71122886781994, -73.99307983166065 40.71124599790893, -73.9930872384666 40.71125931330623, -73.99311055809225 40.711301239784035, -73.99314198621178 40.7113577460094, -73.99318752288538 40.71143961684741, -73.99321368351019 40.71148664936728, -73.99327365430604 40.7115944908488))",04/09/2020 07:11:11 PM,06/19/2020 12:00:00 AM
Q,Completely Locked,06/21/2020 05:18:56 PM,Q004,Astoria Park Skatepark,Q004-ZN01,Q-01,Astoria Park,,Reopened,Astoria Park Zone 1,Q004-ZN01-SKATEPARK-01,,"POLYGON ((-73.92532913103746 40.77754482508601, -73.9253681495882 40.7775519049011, -73.92540506004165 40.77756384875399, -73.92543882033837 40.7775803191845, -73.92546847977304 40.77760085092108, -73.92549320029951 40.7776248662028, -73.92551228731465 40.777651688306406, -73.92552520030048 40.777680559562526, -73.92553157767378 40.77771066568525, -73.92553123676115 40.777741159184686, -73.92552418799278 40.77777117918694, -73.92551063131947 40.77779987934767, -73.92549755248542 40.77781864186902, -73.92548168061501 40.777836114864016, -73.92546323512394 40.77785206074071, -73.92541847296698 40.777887713292756, -73.92536768557923 40.77791834702629, -73.92531184025084 40.777943380835566, -73.92525199537542 40.77796233813358, -73.92518928977302 40.77797485945238, -73.92512491425445 40.77798070602749, -73.92509416678789 40.777965887185296, -73.92506700444777 40.77794746055136, -73.9250441516588 40.77792591737338, -73.92502621784257 40.77790183257097, -73.92501368203366 40.77787585031754, -73.92500687987435 40.77784866241921, -73.92500599178315 40.777820995700004, -73.92503737264298 40.77778765970123, -73.92496539128877 40.7776923090596, -73.9250029513214 40.77765550295392, -73.92504691507672 40.77762305222998, -73.92509641826497 40.77759559567553, -73.92515048654612 40.77757367295227, -73.92520805686358 40.777557714704535, -73.92526799758902 40.77754803536923, -73.92532913103746 40.77754482508601))",04/09/2020 07:11:11 PM,06/21/2020 12:00:00 AM
Q,Completely Locked,06/21/2020 05:18:56 PM,Q099,Flushing Meadows Maloof Skate Plaza,Q099-ZN06,Q-15,Flushing Meadows Corona Park,true,Reopened,Pavilion & Astral Fountain,Q099-ZN06-SKATEPARK-01,,"POLYGON ((-73.8433101640278 40.743335545390174, -73.84326537024951 40.74333250375822, -73.84322195187573 40.743323591766654, -73.84318122724184 40.74330908046414, -73.84314443495053 40.743289411888775, -73.84311269247152 40.743265181902046, -73.84308696301694 40.743237128436135, -73.84306803074534 40.74320610264335, -73.84305646884394 40.74317304814018, -73.8430526289499 40.743138968574335, -73.84305662937817 40.74310489969235, -73.84306834691144 40.74307187691007, -73.84308742516636 40.74304090290586, -73.84311328531659 40.743012919719874, -73.84314514274388 40.74298877725926, -73.84318202722582 40.74296920811237, -73.84322281968352 40.74295480868864, -73.84326627946986 40.74294601494252, -73.84331108700837 40.74294309522836, -73.84335588052691 40.74294613684271, -73.8433992986726 40.74295504878425, -73.84344002313972 40.7429695591099, -73.84347681533951 40.74298922849222, -73.84350855782158 40.74301345747905, -73.8435342873673 40.74304151085161, -73.8435532198093 40.743072536568526, -73.84356478193969 40.74310559102224, -73.84356862209381 40.74313967057116, -73.84356462192522 40.743173739470784, -73.84355290462007 40.74320676230312, -73.84353382653401 40.74323773638369, -73.84350796528922 40.743265719661636, -73.84347610904281 40.74328986312375, -73.84343922447187 40.74330943146343, -73.84339843184166 40.74332383186359, -73.84335497182634 40.7433326256591, -73.8433101640278 40.743335545390174))",04/09/2020 07:11:11 PM,06/21/2020 12:00:00 AM
B,Completely Locked,06/22/2020 01:38:09 PM,B018,Canarsie Skatepark,B018-ZN02,B-18,Canarsie Park,,Reopened,Canarsie Park Zone 2,B018-ZN02-SKATEPARK-01,,"POLYGON ((-73.90074590524101 40.62549478306923, -73.9007638422955 40.62548961695825, -73.9007826364067 40.62548671189056, -73.90080179815939 40.62548614308726, -73.90082083113566 40.625487926329235, -73.90083924137483 40.62549201436346, -73.90085655154948 40.62549830141769, -73.90087231278159 40.62550662501175, -73.90088611527646 40.62551676776744, -73.90089760130769 40.6255284682262, -73.90090647230708 40.62554142175549, -73.90091428191768 40.62554007770574, -73.9009222767556 40.625539752303816, -73.90093023106701 40.62554045345978, -73.9009379167731 40.6255421629667, -73.90094511648016 40.62554483020819, -73.90095162701193 40.625548381166624, -73.9009572629618 40.62555271392358, -73.90096186377235 40.6255577067706, -73.9009652996473 40.62556321641324, -73.9009674727188 40.62556908787775, -73.90096832177521 40.62557515451525, -73.90096782225415 40.62558124250408, -73.90096598741006 40.625587180756774, -73.9009628706792 40.62559280002145, -73.90095856093997 40.62559794098241, -73.90095317896233 40.62560245785934, -73.90094687740194 40.62560622200906, -73.90093983724823 40.625609126425516, -73.90093260006194 40.62563727856494, -73.90091928631601 40.62566411250826, -73.90090027296958 40.62568887304166, -73.90087416966179 40.625715040375724, -73.90085301127765 40.62574368209601, -73.90083719455642 40.62577426093678, -73.90082438763166 40.62579801372484, -73.90080723492918 40.62582011751114, -73.90078609051581 40.62584011423429, -73.90076139467597 40.62585758823184, -73.90074066775706 40.625870225353154, -73.9007225118678 40.62588497911296, -73.90070729384146 40.625901551756954, -73.90069532502318 40.62591960495964, -73.90068684825165 40.62593877151934, -73.90068277478778 40.625951896688434, -73.90067592487016 40.62596433326217, -73.90066648456167 40.62597574190456, -73.90065470961503 40.62598581215646, -73.90065458028107 40.62599171045376, -73.90065316163448 40.62599751038072, -73.900650490558 40.62600304807444, -73.90064664292498 40.6260081678104, -73.90064172768503 40.626012725599345, -73.90063588212658 40.62601659548692, -73.90062927188261 40.62601966595158, -73.90062208027452 40.62602185250277, -73.90061451068118 40.626023094080765, -73.90060677471887 40.62602335394716, -73.90059909104832 40.626022626887796, -73.90059167474838 40.626020931999626, -73.9005847337633 40.6260183171901, -73.90057846299766 40.62601485647046, -73.9005730395937 40.626010646349734, -73.90056861465942 40.62600580492697, -73.90056531327392 40.62600046828899, -73.90056322740152 40.62599478690233, -73.90054744050006 40.62598618858548, -73.90053352000405 40.62597588809649, -73.90052177640804 40.62596411803895, -73.90051247642977 40.62595114159636, -73.90048627044395 40.62590966075456, -73.90047362003405 40.625895723254814, -73.90045821086855 40.625883503359205, -73.9004404372329 40.62587331659028, -73.90042075731749 40.62586542269371, -73.9003996754906 40.6258600247225, -73.90037773167226 40.625857261823924, -73.90035549188731 40.625857203828225, -73.90033352462511 40.625859853029034, -73.90031239375095 40.62586514237638, -73.9002926443266 40.625872933663295, -73.90027478013644 40.62588302921301, -73.90025926251181 40.62589516827563, -73.90024112035437 40.625857168581085, -73.9002868764029 40.62584382023679, -73.90033449303118 40.625835031021396, -73.90038319352422 40.62583094434286, -73.90038794643209 40.62582983271616, -73.90039238112428 40.62582811926584, -73.9003963651551 40.62582585250537, -73.90039978259487 40.62582310167442, -73.90040253286371 40.62581994593167, -73.90040453545393 40.62581647796109, -73.90040573111611 40.62581280127119, -73.9004060842347 40.62580902209258, -73.90040558518677 40.62580525298206, -73.90040424798995 40.6258016047157, -73.90040211267042 40.62579818358957, -73.90039924171842 40.62579509051607, -73.90039571891197 40.62579241742091, -73.90039164814264 40.62579024183863, -73.90036911290159 40.625777517768874, -73.90034969482596 40.625762095735574, -73.90033394403021 40.62574441206918, -73.90032230534267 40.62572496694567, -73.90031510887063 40.62570431087059, -73.9003125582058 40.62568302845905, -73.9003147257231 40.62566172132185, -73.90032154905957 40.62564099185286, -73.9003328358668 40.625621427023866, -73.90034826620249 40.625603580376385, -73.90036740437223 40.62558795672322, -73.90038970840679 40.6255749977484, -73.90041454780801 40.625565070316476, -73.90042302944428 40.625560883938974, -73.90043045955072 40.62555566375307, -73.9004366239758 40.625549562662144, -73.9004413463578 40.625542754314, -73.900444488121 40.62553543580285, -73.90044596149124 40.62552781777465, -73.90044572241125 40.62552011991827, -73.90044377764244 40.625512563767636, -73.90044018477332 40.62550536729845, -73.90043504513963 40.62549873681755, -73.90042850855627 40.625492864265375, -73.90041056791819 40.625481404010685, -73.90039496427538 40.62546810511393, -73.90038202105954 40.62545324071409, -73.90037200373762 40.625437118119585, -73.9003651186448 40.62542006890152, -73.90036246327459 40.62541429336316, -73.90035862423103 40.62540891753048, -73.90035370058368 40.625404081970515, -73.90034782097077 40.62539991286735, -73.90034113887974 40.625396516615474, -73.90033382791448 40.625393983417155, -73.90032607708075 40.6253923782737, -73.90031808723835 40.62539174278315, -73.90031006873834 40.62539209423761, -73.90030222842661 40.62539342291087, -73.90017272662995 40.62541975792376, -73.90015766329658 40.625385835742655, -73.90030978362842 40.62535983464352, -73.90032540759638 40.625360286743735, -73.90034074274837 40.62536261257472, -73.90035540269257 40.625366754168304, -73.90036902238245 40.62537260584757, -73.90038125692105 40.62538002323074, -73.90039180284172 40.625388818747034, -73.90040039336436 40.62539877243879, -73.90040681493804 40.62540963467723, -73.90041090486633 40.62542113336462, -73.90041758512224 40.62543526921863, -73.90042708565143 40.62544843405222, -73.9004391741055 40.625460303476025, -73.90045355189953 40.62547058636266, -73.90046986366332 40.62547902755632, -73.9004877078606 40.62548541958883, -73.90050664624086 40.62548960538968, -73.9005262097442 40.625491480992636, -73.90054591858642 40.625491000956366, -73.90055461324421 40.62548582147925, -73.90056433554538 40.62548184148312, -73.90057480402768 40.62547917599091, -73.90058571364597 40.62547790308393, -73.90059674878013 40.625478059410504, -73.90060758796064 40.62547964109055, -73.90061791923901 40.62548260012693, -73.90062744017415 40.62548685341049, -73.90063587675296 40.625492275532174, -73.90065012643481 40.62549892738475, -73.90066566732062 40.62550360821125, -73.90068203513215 40.625506178029354, -73.90069873949784 40.62550655807, -73.90071527930587 40.625504738894996, -73.90073115926005 40.62550077410799, -73.90074590524101 40.62549478306923), (-73.90088674309578 40.625574711400084, -73.90088022454674 40.62557815117179, -73.90087304071669 40.62558070875986, -73.90086539618218 40.62558231139853, -73.90085750611573 40.62558291424719, -73.90084959628805 40.62558249858958, -73.90084188887595 40.62558107812511, -73.90083460483697 40.625578691766854, -73.90082794853777 40.625575408130594, -73.90082211130931 40.625571319234766, -73.90081725726128 40.62556654228859, -73.90081352329288 40.62556121248847, -73.90081101673165 40.62555548121446, -73.90080980943335 40.62554950972195, -73.90080993305467 40.625543469137035, -73.90081138615909 40.62553753055742, -73.90081412713087 40.62553186144399, -73.90081807772513 40.62552662292235, -73.90079873491518 40.6255225655983, -73.90077878093841 40.62552097967231, -73.90075875585738 40.62552190703425, -73.90073920101557 40.62552532293686, -73.90071270858468 40.625530226808515, -73.90068558681044 40.62553233671577, -73.90065834042449 40.62553161347143, -73.90063147762557 40.62552807102251, -73.90061471676714 40.6255243526937, -73.90061198239013 40.62552399462432, -73.90059855075954 40.62552357057369, -73.90058554836968 40.62552538468612, -73.90057359229776 40.625529351045486, -73.90056331989729 40.62553526038208, -73.90055532030881 40.62554273948989, -73.90054986581417 40.625551489632116, -73.90054716730829 40.62556116429121, -73.9005472996637 40.6255714870723, -73.90055343525866 40.62560376613411, -73.90055885520738 40.625615825189655, -73.90056642199384 40.62562675054537, -73.9005767693468 40.62563718121792, -73.90058970760397 40.625646699200985, -73.90060530523704 40.62565535768364, -73.90062360594574 40.62566317741453, -73.90063489877376 40.625668884768515, -73.90064553980706 40.625676562797445, -73.90066218547737 40.62569576096938, -73.9006713919306 40.625715190449306, -73.90067396958838 40.625732707799834, -73.9006700072941 40.625748968677165, -73.90065943984439 40.62576410359966, -73.90064205775326 40.625778304195435, -73.90061785520558 40.62579150471835, -73.90058678488477 40.62580373033773, -73.90054881367642 40.62581499362663, -73.90053827179564 40.62582008325411, -73.90052897377008 40.62582642658076, -73.90052117396738 40.62583385002658, -73.9005150842514 40.62584215025757, -73.90051087160754 40.62585110138787, -73.9005086510447 40.62586045947613, -73.9005084832246 40.62586996702612, -73.90051037325824 40.625879367393935, -73.90051426834752 40.62588840118393, -73.90052006248705 40.62589682336253, -73.9005453291088 40.62593973341057, -73.90054835453837 40.62594624408917, -73.90055278006395 40.62595227149873, -73.9005584794784 40.62595764353057, -73.90056528636558 40.62596220425046, -73.90057300708781 40.62596582291539, -73.90058141960131 40.6259683957732, -73.90059028172408 40.6259698496722, -73.90059933822901 40.625970141166675, -73.90060833028811 40.62596926372913, -73.90061699784724 40.62596724054835, -73.9006250926177 40.625964130844146, -73.90063238044833 40.62596002446625, -73.90063865433014 40.6259550392042, -73.90064373203693 40.62594931808334, -73.90064746913266 40.62594302487375, -73.90064975661174 40.62593634138654, -73.90065052918307 40.62592946027669, -73.90064976528062 40.62592257783912, -73.90064748588287 40.62591589310692, -73.9006437580745 40.62590959704831, -73.900638686773 40.625903872559526, -73.90063242065702 40.62589888186251, -73.90062513679604 40.62589477009397, -73.90061889448464 40.62589125627038, -73.90061353027716 40.625886983166254, -73.90060919763302 40.625882076987274, -73.90060602634951 40.62587668012798, -73.90060410719809 40.625870950258026, -73.900603496659 40.625865055823645, -73.90060421338757 40.625859167939915, -73.90060623585306 40.62585345858753, -73.9006095035287 40.625848095210955, -73.9006139239926 40.62584323442071, -73.9006193646599 40.62583901838435, -73.90062566933584 40.62583557033802, -73.90063265231312 40.62583299007882, -73.90064011019112 40.62583135397506, -73.90064782542922 40.62583070956629, -73.90065557107455 40.62583107556727, -73.90066312258234 40.62583244097768, -73.90067025781308 40.625834766883315, -73.90068834529994 40.62583659255519, -73.90070657463251 40.625836023862774, -73.90072440565456 40.62583307744945, -73.90074130755934 40.62582784110813, -73.90075677662263 40.62582047109499, -73.9007703551224 40.625811185842004, -73.90078163843728 40.62580026146044, -73.90079029160653 40.6257880227498, -73.9007960564361 40.625774833298145, -73.90081266179794 40.62573928517087, -73.9008363584995 40.625706153851134, -73.90086656382964 40.62567625290271, -73.90087892946465 40.625663912925944, -73.9008884263363 40.62565017556857, -73.90089478912834 40.62563542602528, -73.90089783994827 40.62562007478062, -73.90089749306382 40.62560455130927, -73.90089375965462 40.625589287870575, -73.90088674309578 40.625574711400084))",04/09/2020 07:11:11 PM,06/22/2020 12:00:00 AM
Q,Completely Locked,06/21/2020 05:18:56 PM,Q128,London Planetree Playground,Q128,Q-09,London Planetree Playground,,Reopened,,Q128-SKATEPARK-01,,"POLYGON ((-73.85326431513951 40.68642402140837, -73.85325024457 40.68643165333946, -73.85323470179544 40.68643739771301, -73.85321812132128 40.68644109479101, -73.85320096473298 40.686442643403645, -73.85318370768904 40.6864419982313, -73.85316683280304 40.68643917880052, -73.85315080836607 40.686434262252845, -73.85313608005706 40.68642738693627, -73.85312305795264 40.68641874248268, -73.8531121058774 40.68640857069516, -73.85310352723252 40.68639715472333, -73.85309756146255 40.686384811854495, -73.85309313315453 40.68636406374103, -73.85308492137736 40.68634399518833, -73.85307309087727 40.68632500263252, -73.85305787387479 40.68630746188375, -73.85304874951527 40.68629675751806, -73.85304203232155 40.686285066559904, -73.85303790023647 40.686272699914596, -73.8530364637336 40.686259986411486, -73.8530377599204 40.68624726469163, -73.85304175611078 40.68623487240632, -73.85304834392858 40.68622313810481, -73.85305734878344 40.68621237584341, -73.85306853226852 40.686202870780406, -73.85308159690051 40.68619487558003, -73.8530961944182 40.68618860231856, -73.85311193643722 40.68618421889595, -73.85312840629736 40.6861818409464, -73.85314516379246 40.68618153274483, -73.85318455871224 40.686183351624685, -73.85322379326311 40.686180100387496, -73.8532617516875 40.686171872164714, -73.85329734986037 40.6861589006099, -73.85332957552059 40.686141555447136, -73.85335750958951 40.68612033169178, -73.85337045249636 40.68611172035126, -73.85338512215063 40.68610489963197, -73.85340109697866 40.68610006801006, -73.8534179165 40.68609736447813, -73.85343509316102 40.68609686675968, -73.85345213363183 40.686098589535014, -73.85346854590813 40.6861024826494, -73.85348385468335 40.68610843383407, -73.85349761908708 40.686116271430265, -73.85350944332201 40.6861257689055, -73.85351898492449 40.686136653868964, -73.85352596895453 40.686148610790966, -73.8535301938808 40.68616129451819, -73.85353487853054 40.686187111039416, -73.85354403755598 40.68621222274885, -73.85355750869462 40.68623618188293, -73.85357505155967 40.68625856219083, -73.85357999566095 40.68627020943798, -73.85358241666367 40.68628231093619, -73.85358225019519 40.68629455142344, -73.85357950168606 40.68630661212434, -73.8535742416202 40.68631817884876, -73.85356660669692 40.68632895189882, -73.85355679745282 40.68633865146906, -73.85354506641825 40.68634702393526, -73.853531720462 40.68635385176272, -73.85351710658527 40.68635895799115, -73.85350160363316 40.686362209826214, -73.85348561637154 40.68636352223398, -73.85344497438453 40.68636174689492, -73.853404482342 40.68636494887832, -73.85336518735052 40.68637304577081, -73.8533281036718 40.686385829046436, -73.85329418787119 40.68640296853729, -73.85326431513951 40.68642402140837))",04/09/2020 07:11:11 PM,06/21/2020 12:00:00 AM
B,Completely Locked,06/29/2020 09:55:19 AM,B380,Robert Venable Skatepark,B380,B-05,Robert E. Venable Park,,Reopened,,B380-SKATEPARK-01,,"POLYGON ((-73.86567797161395 40.674756215727086, -73.86566585852057 40.67471117038276, -73.8658604945971 40.6746808285565, -73.86587260899923 40.674725873881854, -73.86567797161395 40.674756215727086))",04/09/2020 07:11:11 PM,06/29/2020 12:00:00 AM
M,Completely Locked,06/22/2020 03:31:44 PM,M071,Riverside Park Skatepark,M071-21,M-14,Riverside Park,true,UnderConstruction,,M071-21-SKATEPARK-01,,"POLYGON ((-73.97062187242592 40.804578544366805, -73.97106343260268 40.80475363012028, -73.97055891580877 40.80548828752516, -73.97011735090042 40.80531319985954, -73.97062187242592 40.804578544366805))",04/09/2020 07:11:11 PM,
Q,Completely Locked,06/21/2020 05:18:56 PM,Q015,Forest Park Skatepark,Q015-05,Q-16,Forest Park,true,Reopened,Greenhouse Playground,Q015-05-SKATEPARK-01,,"POLYGON ((-73.85587600637525 40.701759026420575, -73.85583026726432 40.70148353909716, -73.85634504956549 40.70143748303293, -73.85638578912176 40.70170915204089, -73.85587600637525 40.701759026420575))",04/09/2020 07:11:11 PM,06/21/2020 12:00:00 AM
B,Completely Locked,06/23/2020 03:14:01 PM,B145,Thomas Greene Skate Spot,B145,B-06,Thomas Greene Playground,,Reopened,,B145-SKATEPARK-01,,"POLYGON ((-73.98534535168307 40.6802643599654, -73.98504023554229 40.68014495122233, -73.98516655982132 40.67995233314937, -73.98547402336833 40.68007138435256, -73.98534535168307 40.6802643599654))",04/09/2020 07:11:11 PM,06/22/2020 12:00:00 AM
B,Completely Locked,06/23/2020 03:33:52 PM,B058,McCarren Park Skatepark,B058-ZN01,B-01,McCarren Park,,Reopened,McCarren Park Zone 1,B058-ZN01-SKATEPARK-01,,"POLYGON ((-73.94995887260497 40.71944329565079, -73.94979954546338 40.71945841519096, -73.94977440745909 40.719457271385856, -73.94974984580661 40.7194530462818, -73.94972650665181 40.719445849123034, -73.94970500767181 40.71943587198869, -73.94968591678018 40.719423377176476, -73.94966973792589 40.71940869449448, -73.94963444897544 40.719378776729144, -73.94959443250809 40.71935252826225, -73.94955034152264 40.719330378918265, -73.94950289771342 40.719312689213154, -73.94945287490206 40.71929974854618, -73.94940109194154 40.71929176889376, -73.94935756350127 40.719292654767706, -73.94934955854796 40.719235742618864, -73.94938009215309 40.71923396943595, -73.94937892665953 40.719222651314325, -73.94941219951622 40.719221772633105, -73.94941336541116 40.719232569359384, -73.94951201103149 40.71922844239877, -73.94979695980584 40.71925358497165, -73.94985495409504 40.7192662921273, -73.94990964004671 40.71928571291713, -73.94995968770866 40.71931137400002, -73.95000387375805 40.719342648996275, -73.95004112291079 40.71937877741567, -73.95005359184198 40.719454431063426, -73.94999291493785 40.71945969071776, -73.94999137070873 40.719456109619536, -73.9499890427699 40.71945278392569, -73.94998599969497 40.719449810920985, -73.94998233136859 40.71944727889446, -73.94997814543864 40.71944526263512, -73.94997356850033 40.71944382343262, -73.94996873426484 40.7194430027684, -73.94996378710844 40.71944282501906, -73.94995887260497 40.71944329565079))",04/09/2020 07:11:11 PM,06/23/2020 12:00:00 AM
B,Completely Locked,06/23/2020 03:15:02 PM,B066,Owl's Head Millenium Skatepark,B066,B-10,Owl's Head Park,,Reopened,,B066-SKATEPARK-01,,"POLYGON ((-74.03034924624447 40.64095688278277, -74.03035094782078 40.640947440397376, -74.03035053800389 40.64093791482099, -74.0303480299223 40.640928578006736, -74.03034349344564 40.640919695588984, -74.03033705991079 40.640911521479076, -74.03032891029615 40.64090428886318, -74.0303192799476 40.64089820479826, -74.03030844202452 40.64089344211137, -74.03029670749898 40.64089013759918, -74.03028440860183 40.64088838392723, -74.03027189882441 40.64088823323241, -74.03022347601978 40.6408882486709, -74.03022195228772 40.640849280934646, -74.03029389084868 40.640846879233834, -74.0303027559023 40.6408390171727, -74.03031317368308 40.6408323505901, -74.03032486882546 40.64082705425889, -74.03033753521287 40.640823269640784, -74.03035083715459 40.640821094080124, -74.03036442712147 40.64082058710266, -74.03037794574051 40.6408217596094, -74.03039103598502 40.64082458287818, -74.03040335617511 40.640828981355945, -74.03069481771442 40.64089425545479, -74.03073696810068 40.64089203162221, -74.03074728526657 40.64088515790794, -74.03075895547563 40.640879682336084, -74.0307716560665 40.640875757180176, -74.03078503598653 40.640873492397084, -74.03079872406367 40.64087294842076, -74.03081234083088 40.6408741424626, -74.03097500368133 40.6409098376401, -74.03097946036094 40.64091217328503, -74.03098338056988 40.64091501246417, -74.03098666851945 40.64091828406246, -74.03098924378523 40.64092190885592, -74.0309910401231 40.640925795009636, -74.03099201611309 40.64092984798032, -74.0309921457009 40.64093396781749, -74.03099142647434 40.64093805186265, -74.03098987611894 40.64094199925299, -74.030915682222 40.64114156421258, -74.03091205826865 40.64114538878821, -74.03090765502752 40.641148705680784, -74.0309025930377 40.64115142300488, -74.03089701176107 40.64115346598, -74.03089106485491 40.64115477963305, -74.03088491425999 40.64115532699932, -74.03087873020284 40.64115509362471, -74.03087268055472 40.641154084867274, -74.03031977829959 40.64102973979967, -74.03034924624447 40.64095688278277))",04/09/2020 07:11:11 PM,
X,Completely Locked,06/22/2020 09:40:23 AM,X348,River Avenue Skatepark,X348-02,X-04,River Avenue Parks,,Reopened,River Avenue Parks,X348-SKATEPARK-01,,"POLYGON ((-73.92708768919606 40.8256027726998, -73.92675190970012 40.82548593940279, -73.92688575754104 40.82527445286449, -73.92702615242833 40.82509799329068, -73.92734746084473 40.82516712462339, -73.9272989798657 40.82524842864908, -73.92708768919606 40.8256027726998))",04/09/2020 07:11:11 PM,06/21/2020 12:00:00 AM
X,Completely Locked,06/22/2020 09:44:19 AM,X034,Mullaly Skatepark,X034-ZN01,X-04,Mullaly Park,,Reopened,Mullaly Park Zone 1,X034-SKATEPARK-01,,"POLYGON ((-73.9246003455497 40.83095313580781, -73.92460924837172 40.83095787553001, -73.92461707833982 40.830963605094695, -73.92462364711037 40.83097018480226, -73.92462879718342 40.830977457863845, -73.92463240308953 40.83098524860115, -73.92463437849666 40.83099336875448, -73.92463467620273 40.831001623786086, -73.92463328813366 40.831009814681444, -73.9246302488941 40.83101774335412, -73.92450216411392 40.83123040240018, -73.92451972273653 40.83123613203613, -73.92439778099912 40.831443335278976, -73.92409550735194 40.831344498319844, -73.92433873388114 40.830923598429735, -73.92434379294613 40.830915998869834, -73.92435049311241 40.83090917120988, -73.92435863734902 40.83090331793176, -73.92436798242085 40.83089861357163, -73.92437825193873 40.8308951966242, -73.92438914110267 40.830893168645325, -73.92440032619116 40.83089258975584, -73.92441147641775 40.83089347774865, -73.92442226104708 40.83089580539229, -73.9246003455497 40.83095313580781))",04/09/2020 07:11:11 PM,06/21/2020 12:00:00 AM
X,Completely Locked,06/22/2020 11:09:20 AM,X183,Bruckner Playground Skatepark,X183,X-10,Bruckner Playground,,Reopened,,X183-SKATEPARK-01,,"POLYGON ((-73.82910897363088 40.826932241791646, -73.82883393984416 40.8268538049306, -73.82891353999733 40.826697864228194, -73.82918700367257 40.82677629857659, -73.82910897363088 40.826932241791646))",04/09/2020 07:11:11 PM,06/21/2020 12:00:00 AM
X,Completely Locked,06/22/2020 10:51:41 AM,X002,Bronx Park Skatepark,X002-ZN03,X-06,Bronx Park,,Reopened,Bronx Park Zone 3,X002-ZN03-SKATEPARK-01,,"POLYGON ((-73.87144701430084 40.8671686689946, -73.87140901863677 40.86717824929347, -73.87136943957898 40.86718282829465, -73.87132941020376 40.86718227488815, -73.8712900763521 40.86717660475937, -73.8712525657891 40.86716597945447, -73.87121795380686 40.86715070454094, -73.87118723003435 40.86713121696331, -73.87116127591864 40.86710807511201, -73.87114083391646 40.86708194167944, -73.87112649092312 40.86705356563105, -73.87111865696511 40.86702375966906, -73.87111755694116 40.866993377710486, -73.87112322118176 40.86696329056319, -73.87113548906063 40.86693435891515, -73.87115400785018 40.86690741262221, -73.87117824701126 40.86688322280893, -73.87120751365029 40.866862482976224, -73.87126963620337 40.86691662942215, -73.87132507043579 40.86697480977465, -73.8713733641327 40.86703654988147, -73.87141412325441 40.86710134593856, -73.87144701430084 40.8671686689946))",04/09/2020 07:11:11 PM,06/21/2020 12:00:00 AM
B,Completely Locked,06/22/2020 01:46:23 PM,B057,Marine Park Skatepark,B057-06,B-18,Marine Park,,Reopened,Seba Playground,B057-06-SKATEPARK-01,,"POLYGON ((-73.91996794995755 40.588848379685004, -73.91996219015955 40.588856292176196, -73.91995483192295 40.58886339308231, -73.91994606801319 40.58886949702958, -73.91993612778566 40.58887444298364, -73.91992527245053 40.588878102351394, -73.91991378326085 40.588880378972654, -73.91990196386912 40.5888812136242, -73.91988126648035 40.58888182595896, -73.91986094651662 40.58888488527584, -73.91984149782711 40.588890317176165, -73.9198233942503 40.588897988713455, -73.91980707661408 40.58890771378769, -73.91979668345779 40.588916021968735, -73.91978463589369 40.588922909768705, -73.91977126489547 40.58892819100976, -73.91975693446358 40.588931720060806, -73.91974203807054 40.58893340084039, -73.91975058272745 40.58897510285237, -73.91972659263288 40.58897517434647, -73.91970295009544 40.5889720744343, -73.91968036966135 40.58896589726997, -73.91965953623357 40.58895682974148, -73.91964107909003 40.5889451460489, -73.91962555889879 40.58893120049139, -73.91961344528896 40.58891541484376, -73.91960510387123 40.58889826664033, -73.91960078680368 40.58888027656108, -73.91960062690922 40.58886198861561, -73.91960462824373 40.58884395572829, -73.91965540161715 40.58885590426874, -73.91965952357243 40.588844620888395, -73.91966611348779 40.588834040741226, -73.91967497962565 40.58882447527398, -73.91968585822961 40.58881620526513, -73.91969843125186 40.58880947363327, -73.91971480538669 40.5887969614933, -73.91972817201665 40.58878252102996, -73.91973814792 40.58876656711798, -73.91974444668634 40.58874955792476, -73.91974966188297 40.588737766508764, -73.91975735198957 40.58872678999372, -73.91976730756465 40.58871692810732, -73.91977925659695 40.58870845081607, -73.91979287278726 40.58870158752514, -73.9198077849982 40.58869652708487, -73.91982358671731 40.58869340699124, -73.91984840303456 40.58869379171821, -73.91987277728546 40.588697363985276, -73.91989601147907 40.58870402244731, -73.91991743726274 40.588713575728335, -73.91993644072066 40.58872574874176, -73.91995247417374 40.58874019260466, -73.91996507979385 40.58875649365902, -73.91997389549948 40.58877418248097, -73.9199786667465 40.58879275189929, -73.91997925714499 40.58881166961011, -73.91997565080668 40.5888303907856, -73.91996794995755 40.588848379685004))",04/09/2020 07:11:11 PM,06/22/2020 12:00:00 AM
